Name;Referencia
Recarga RE 100 ATT;5636418158
Recarga RE 150 Unefon;7661152062
Pago de Servicios RE Luz CFE;011832007007302604270000006230
Pago de Servicios RE Multiservicios Tota;09000001313639618
Pago de Servicios RE GAS Gas Natural;2300863808508042600000458005
Pago de Servicios FC Luz CFE;821970704543
Pago de Servicios FC Luz CFE;1,10204E+28
Pago de Servicios FC Telmex;5581010034
Pago de Servicios FC Telmex;5222132788
Pago de Servicios FC Telmex;5,09375E+19
Pago de Servicios FC Telmex;5,4392E+19
Pago de Servicios FC Telmex;5,87103E+19
Pago de Servicios FC Telmex;59283746519283746500
Pago de Servicios FC IZZI;87654321
Pago de Servicios FC IZZI;10293847
Pago de Servicios FC IZZI;9876543210
Pago de Servicios FC IZZI;2025061201
Pago de Servicios FC IZZI;2406813579
Pago de Servicios FC Total Play ;8074293516
